Institute name,Area,City,Aws and devops,Java full stack,Data science and AI,python,Faculty Expertise,Training Methodology,Placement Rate,Average Salary in lpa,Placement Support,Internship Opportunities,Certifications Offered,review out of 5
social prachar,kphb,hyderabad,yes,yes,yes,yes,well qualified,online and  offline training,good,3.5,"resume preparation,linkedin  profile creation,soft skills training",yes,yes,4.7
veda it,jntu university,hyderabad,yes,yes,yes,yes,experience,online and  offline training,good,4.0,soft skills training,yes,yes,3.9
crs info solutions,ammerpet,hyderabad,yes,no,no,no,experience,online and  offline training,good,3.5,"interview preparation,job placement assistance,maintainance services",yes,yes,4.0
naresh i technologies,ammerpet and kphb,hyderabad,yes,yes,yes,yes,experience,online and  offline training,average,3.0,"job placement assistance,project training,resume preperation",yes,yes,4.5
sapfico infinity world,ammerpet,hyderabad,no,yes,no,no,experience,online and  offline training,good,3.3,"real time projects,resume preperation,interview training",no,yes,3.0
sivasoft technologies,ammerpet,hyderabad,no,yes,yes,yes,experience,online and  offline training,good,3.0,"resume preparation,linkedin  profile creation,portfolio website creation",yes,yes,4.0
sathya technologies,ammerpet,hyderabad,yes,yes,yes,yes,experience,online and  offline training,average,3.0,"weekened training, workshops,jobs/soft skill training                                                                                                                                                                                                                                                                                                                                                                                                                                                                                                                                                                                                                                                                                                                            ",yes,yes,4.0
vagdevi technologies,ammerpet,hyderabad,yes,yes,yes,yes,experience,online and  offline training,good,3.8,"industry connection,resume building assistance,mock interviews,carrer counselling",no,yes,3.5
ashok technologies,ammerpet,hyderabad,yes,yes,no,yes,experience,online and  offline training,good,2.7,"weekened training, workshops,jobs/soft skill training                                                                                                                                                                                                          ",yes,yes,4.3
dreams media solution,ammerpet,hyderabad,no,yes,no,yes,experience,online and  offline training,good,3.0,job placement assistance,no,yes,4.2
stansys software solutions,sr nagar,hyderabad,yes,no,yes,no,experience,online and  offline training,average,3.0,"placement assistance,real word scenarios",no,yes,4.1
best it academy,kothapet,hyderabad,no,yes,yes,yes,experience,online and  offline training,good,3.0,placement assistance,no,yes,4.0
tcs ion trainig center,dilsukhnagar,hyderabad,yes,yes,yes,yes,experience,online and  offline training,good,3.0,"carrer guidance,placement assistance",yes,yes,4.2
magneq software,ammerpet,hyderabad,yes,yes,yes,yes,experience,online and  offline training,good,3.0,job placement assistance,no,yes,3.5
sv infotech,dilsukhnagar,hyderabad,yes,yes,no,yes,experience,online and  offline training,good,3.0,job placement assistance,no,yes,4.5
miit computer education,hayathnagar,hyderabad,yes,yes,yes,yes,experience,online and  offline training,good,4.0,job placement assistance,no,yes,4.8
data minds analytics,ammerpet,hyderabad,no,no,yes,yes,experience,online and  offline training,good,3.0,job placement assistance,yes,yes,4.4
emeregent methodology pvt ltd,as rao nagar,hyderabad,no,yes,no,yes,experience,offline training,good,2.7,job placement assistance,no,yes,4.0
creative multimedia academy,dilsukhnagar,hyderabad,no,no,no,no,experience,online and  offline training,good,4.0,high profile placement,yes,yes,4.5
nys innovations,kompally,hyderabad,yes,yes,yes,yes,experience,online and  offline training,good,3.0,job placement assistance,yes,yes,4.5
websoft technologies,dilsukhnagar,hyderabad,yes,yes,yes,yes,experience,offline training,average,4.0,job placement assistance,yes,yes,4.5
genesis it solutions,ammerpet,hyderabad,yes,yes,yes,yes,experience,online and  offline training,good,3.0,job placement assistance,yes,yes,4.0
coss cloud solutions,dilsukhnagar,hyderabad,yes,yes,no,yes,experience,online and  offline training,good,5.0,job placement assistance,yes,yes,4.5
thanush info solutions,dilsukhnagar,hyderabad,yes,yes,no,yes,experience,online and  offline training,average,3.0,job placement assistance,yes,yes,4.0
achieversit,kukatpally,hyderabad,no,yes,yes,yes,experience,online and  offline training,good,3.0,job placement assistance,yes,yes,4.5
data pulse infotech,dilsukhnagar,hyderabad,yes,yes,yes,yes,experience,online and  offline training,good,3.0,job placement assistance,yes,yes,4.8
v soft it solutions private ltd,kukatpally,hyderabad,no,yes,no,yes,experience,online and  offline training,average,3.0,job placement assistance,no,yes,3.0
future gen technologies,kukatpally,hyderabad,no,no,yes,yes,experience,online and  offline training,average,3.0,job placement assistance,yes,yes,4.5
orbit bn reddy,bn reddy nagar,hyderabad,yes,yes,yes,yes,experience,online and  offline training,average,3.0,job placement assistance,yes,yes,3.0
bridge q systems,dilsukhnagar,hyderabad,no,yes,yes,yes,experience,online and  offline training,good,3.0,job placement assistance,yes,yes,4.0
narayana technologies,dilsukhnagar,hyderabad,yes,yes,yes,yes,experience,online and  offline training,good,3.0,job placement assistance,yes,yes,4.5
kalyan it hub,ammerpet,hyderabad,yes,no,yes,yes,experience,online and  offline training,good,3.0,job placement assistance,yes,yes,4.5
neoteach software education,nallakunta,hyderabad,no,yes,no,yes,experience,online and  offline training,good,3.0,job placement assistance,no,yes,4.0
risein academy,dilsukhnagar,hyderabad,yes,yes,yes,yes,experience,online and  offline training,good,3.0,job placement assistance,yes,yes,3.0
karan institute,secunderabad,hyderabad,no,no,no,no,experience,offline training,good,2.0,job placement assistance,yes,yes,3.0
7i tech solutions,kukatpally,hyderabad,yes,yes,yes,yes,experience,online and  offline training,good,3.0,job placement assistance,yes,yes,4.0
tecks academy,kukatpally,hyderabad,yes,yes,yes,yes,experience,online and  offline training,good,3.0,job placement assistance,yes,yes,4.5
vidyanidhi technologies,nagole,hyderabad,yes,yes,yes,yes,experience,online and  offline training,good,3.0,job placement assistance,yes,yes,4.0
gro career,hitech city,hyderabad,yes,yes,yes,yes,experience,online and  offline training,good,3.0,job placement assistance,yes,yes,4.5
tech iq,mehtipatnam,hyderabad,no,yes,no,yes,experience,online and  offline training,good,2.4,job placement assistance,yes,yes,3.0
excel logics,ammerpet,hyderabad,yes,no,no,yes,experience,online and  offline training,good,3.0,job placement assistance,yes,yes,3.5
sri amsoft technologies,ranga reddy,hyderabad,yes,yes,yes,yes,experience,online and  offline training,good,3.0,job placement assistance,yes,yes,3.8
uniq india,nallakunta,hyderabad,yes,yes,yes,yes,experience,online and  offline training,good,3.0,job placement assistance,yes,yes,4.0
center cadd,kukatpally,hyderabad,no,no,no,yes,experience,offline training,good,2.0,job placement assistance,yes,yes,3.5
orbit technologies research pvt ltd,himayat nagar,hyderabad,no,no,no,no,experience,offline training,good,3.0,job placement assistance,yes,yes,3.5
skulpt technologies pvt ltd,kondapur,hyderabad,yes,yes,yes,yes,experience,online and  offline training,good,4.5,job placement assistance,yes,yes,4.0
cloud soft solution,nizampet,hyderabad,yes,no,no,yes,experience,offline training,good,2.0,job placement assistance,yes,yes,3.5
star medical coding institute,dilsukhnagar,hyderabad,no,no,no,yes,experience,offline training,good,5.0,job placement assistance,yes,yes,4.5
openminds technologies,ammerpet,hyderabad,no,yes,yes,yes,experience,online and  offline training,good,3.0,job placement assistance,yes,yes,4.0
sk computer education,nizampet,hyderabad,yes,yes,no,yes,experience,online and  offline training,good,3.0,job placement assistance,yes,yes,3.0
cyberaegis,dilsukhnagar,hyderabad,yes,yes,yes,yes,experience,online and  offline training,good,3.0,job placement assistance,yes,yes,3.8
excelr,hitech city,hyderabad,yes,yes,yes,yes,well qualified,online and  offline training,good,3.0,"skills training programs,consulting services,100% job assistance",yes,yes,4.7
next wave disruptive  technologies private limited,manikonda,hyderabad,no,yes,no,yes,well qualified,online and  offline training,good,3.0,job placement assistance,yes,yes,3.8
innomatics research,kukatpally,hyderabad,no,yes,yes,yes,well qualified,online and  offline training,good,4.0,"mock interviews,placement assistance",yes,yes,4.8
vcube,kphb,hyderabad,yes,yes,yes,yes,experience,online and  offline training,good,3.0,"job assistance,resume builiding",yes,yes,4.2
getin technologies,mahadevapura,banglore,yes,yes,yes,yes,well qualified,online and  offline training,good,2.5,"mock interviews,placement assistance,assessments",yes,yes,5.0
besanttechnologies,kuvempu nagar,banglore,yes,yes,yes,yes,experience,online and  offline training,good,4.0,"placement assistance,resume building,mock interviews",yes,yes,4.6
itvedant education,kuvempu nagar,banglore,yes,yes,yes,yes,well qualified,online and  offline training,good,3.0,"job assistance,resume builiding",yes,yes,4.5
codemithra,jayanagar,banglore,yes,yes,yes,no,experience,online and  offline training,good,3.5,job assistance,yes,yes,4.6
cambridge infotech,kalyan nagar,banglore,yes,yes,yes,yes,experience,online training,good,3.8,job assistance,yes,yes,4.5
cloudy synergy,jayanagar,banglore,yes,no,no,no,experience,online and  offline training,good,4.0,job assistance,yes,yes,4.0
infocampus,aswath nagar,banglore,yes,yes,yes,yes,well qualified,online and  offline training,good,3.5,"weekly test,daily assignments,job assistance",no,yes,4.7
emexo technologies,electronic city,banglore,yes,yes,yes,yes,experience,online and  offline training,good,3.7,"weekened training, workshops,jobs/soft skill training                                                                                                                                                                                                          ",yes,yes,4.5
achieversit,btm layout,banglore,yes,yes,yes,yes,well qualified,online and  offline training,good,3.0,job assistance,yes,yes,3.7
vthreesoft technologies,yelahanka town,banglore,no,yes,yes,no,experience,online training,good,3.5,100% placement assistance,yes,yes,4.4
be practical tech solutions,basaveshwar nagar,banglore,yes,yes,yes,yes,well qualified,online and  offline training,good,4.0,"100% placement assistance,free demo classes,resume building",yes,yes,4.5
palle technologies,gandhi nagar,banglore,yes,yes,yes,yes,experience,offline training,good,3.8,placement guaranted training,yes,yes,4.6
training institute marathahalli,aswath nagar,banglore,no,yes,yes,yes,experience,online and  offline training,good,3.5,job assistance,yes,yes,4.0
jnana infotech,vijayanagar,banglore,no,yes,yes,yes,experience,online and  offline training,good,3.0,job assistance,yes,yes,4.5
akshara,marathahalli,banglore,yes,yes,yes,yes,well qualified,online and  offline training,good,4.0,"placement assistance,interview support",yes,yes,4.6
xpresdata software academy,marathahalli,banglore,yes,yes,yes,yes,well qualified,offline training,average,3.0,job assistance,yes,yes,3.0
havana yukta solutions,vijayanagar,banglore,no,yes,yes,yes,experience,offline training,average,2.7,placement assistance,yes,yes,3.2
sdlc training,aswath nagar,banglore,yes,yes,yes,yes,well qualified,offline training,good,3.5,placement assistance,yes,yes,4.0
mnp technologies,marathahalli,banglore,yes,yes,yes,yes,well qualified,offline training,good,3.7,placement assistance,yes,yes,4.5
sri hari technologies,marathahalli,banglore,yes,yes,yes,no,experience,offline training,average,2.7,job assistance,yes,yes,3.0
nfinity infotech,varthur,banglore,yes,yes,yes,yes,experience,online and  offline training,good,3.8,"resume building,100 % placement assistance,daily assesements",yes,yes,4.0
h source technologies pvt ltd,btm layout,banglore,yes,yes,yes,yes,well qualified,online training,good,3.5,job assistance,yes,yes,4.2
merida skill learning academy,jayanagar,banglore,yes,yes,yes,yes,experience,online and  offline training,good,3.7,placement assistance,yes,yes,3.7
cadd centre,jayanagar,banglore,no,yes,yes,no,experience,online and  offline training,good,3.0,job assisance,yes,yes,3.5
nict computer education pvt ltd,jayanagar,banglore,yes,yes,yes,no,experience,online and  offline training,good,3.7,"daily assesments,job assistance,resume building,workshops",yes,no,3.8
upskill labs,hsr layout,banglore,yes,yes,yes,no,experience,offline training,average,2.0,no placement support,no,no,3.0
cadspro training centre,vijayanagar,banglore,no,yes,yes,yes,experience,offline training,good,3.8,job assisance,no,yes,3.0
aps learning solutions,ashok nagar,banglore,yes,no,yes,no,experience,online and  offline training,good,3.5,job assisance,yes,yes,4.0
algorithms computers,munnekollal,banglore,no,yes,yes,yes,experience,offline training,good,4.0,job assisance,yes,yes,3.8
balc cadd,rajajinagar,banglore,no,yes,no,yes,experience,offline training,good,3.4,job assisance,yes,yes,4.2
mass education academy,vijayanagar,banglore,no,yes,yes,yes,experience,offline training,good,4.0,job assisance,yes,yes,3.8
victory academy,ashok nagar,banglore,no,no,no,no,experience,offline training,good,3.0,job assisance,yes,yes,3.0
mindex solutions,marathahalli,banglore,no,no,yes,yes,experience,online and  offline training,good,3.5,job assisance,yes,yes,4.2
inspire educational academy,adugodi,banglore,no,yes,no,yes,experience,online and  offline training,good,3.8,job assisance,yes,yes,3.8
educadd rr nagar,rajarajeshwari nagar,banglore,yes,yes,no,yes,experience,online and  offline training,good,3.5,job assisance,yes,yes,3.8
iway trainings,rajajinagar,banglore,yes,yes,yes,yes,experience,online and  offline training,good,3.8,job assisance,yes,yes,4.0
technogrowth,vijayanagar,banglore,no,no,yes,yes,experience,online and  offline training,good,4.0,job assisance,yes,yes,3.8
radical technologies,electronic city,banglore,yes,yes,yes,yes,experience,online and  offline training,good,4.4,job assisance,yes,yes,4.0
educadd kalyan nagar,kalyan nagar,banglore,yes,yes,no,yes,experience,online and  offline training,good,3.4,job assisance,yes,yes,3.5
crystal training solutions,ramamurthy nagar,banglore,yes,yes,yes,yes,experience,online and  offline training,good,3.0,job assisance,yes,yes,3.6
balc cadd malleswaram,malleswaram,banglore,no,yes,yes,yes,experience,online and  offline training,good,4.0,job assisance,yes,yes,3.7
nacc,banashankari,banglore,no,yes,no,yes,experience,offline training,good,3.4,job assisance,yes,yes,3.0
master mind learning solutions,electronic city,banglore,yes,yes,yes,yes,experience,online and  offline training,good,4.0,job assisance,yes,yes,4.0
hackers university apc,m g road,banglore,yes,yes,yes,yes,experience,online and  offline training,good,4.4,job assisance,yes,yes,4.2
stravan technologies,sanjay nagar,banglore,no,yes,yes,yes,experience,online and  offline training,good,3.8,job assisance,yes,yes,3.8
apc learning solutions,ashoknagar,banglore,yes,yes,yes,yes,experience,online and  offline training,good,4.0,job assisance,yes,yes,4.3
